FICE,name,state,fullsal,assosal,assisal,allsal,numfull,numasso,numassi,numinst,numfac,region
1061,Alaska Pacific University,AK,454,382,362,382,6,11,9,4,32,other
1063,Univ.Alaska-Fairbanks,AK,686,560,432,508,74,125,118,40,404,other
1065,Univ.Alaska-Southeast,AK,533,494,329,415,9,26,20,9,70,other
11462,Univ.Alaska-Anchorage,AK,612,507,414,498,115,124,101,21,392,other
1002,Alabama Agri.&Mech. Univ.,AL,442,369,310,350,59,77,102,24,262,other
1004,University of Montevallo,AL,441,385,310,388,57,33,35,2,127,other
1008,Athens State College,AL,466,394,351,396,20,18,30,0,68,other
1009,Auburn University- Main,AL,580,437,374,455,366,354,301,66,1109,other
1012,Birmingham Southern College,AL,498,379,322,401,34,25,27,3,89,other
1016,Univ. of North Alabama,AL,506,412,359,411,67,40,66,27,200,other
1019,Huntingdon College,AL,339,303,287,301,8,15,19,2,44,other
1020,Jacksonville State Univ.,AL,461,389,338,386,106,42,66,58,272,other
1024,Livingston University,AL,360,304,258,300,27,25,33,4,89,other
1029,University of Mobile,AL,354,321,277,291,17,19,31,19,86,other
1033,Oakwood College,AL,301,290,283,290,18,28,28,3,77,other
1036,Samford University,AL,565,425,363,449,83,46,77,9,215,other
1041,Spring Hill College,AL,431,352,311,373,23,17,14,1,55,other
1044,Stillman College,AL,321,288,251,272,13,18,18,10,59,other
1047,Troy State University-Main,AL,462,385,322,350,25,59,100,19,204,other
1050,Tuskegee University,AL,410,352,306,327,57,65,85,45,254,other
1051,University of Alabama,AL,605,447,382,463,267,206,206,76,762,other
1052,Univ. Alabama at Birmingham,AL,633,445,366,461,106,163,107,19,406,other
1055,Univ. Alabama in Huntsville,AL,636,443,375,451,72,87,98,7,282,other
1057,University of South Alabama,AL,542,426,370,418,119,103,142,64,434,other
8310,Auburn Univ. at Montgomery,AL,519,422,343,403,56,54,63,28,201,other
1085,Univ. Ark. at Monticello,AR,453,363,330,349,23,24,48,22,117,other
1086,Univ. Arkansas at Pine Bluff,AR,406,366,332,335,40,33,71,46,192,other
1088,Arkansas College (Lyon College),AR,499,NA,330,399,14,5,21,2,42,other
1089,Arkansas Tech University,AR,439,381,337,374,44,71,52,13,180,other
1090,Arkansas State Univ.-Main,AR,520,433,342,398,103,87,141,63,394,other
1092,Univ. of Central Arkansas,AR,521,416,339,395,93,89,82,76,340,other
1094,University of the Ozarks,AR,309,280,274,285,14,9,15,2,40,other
1098,Henderson State University,AR,447,375,341,375,55,42,33,25,155,other
1099,Hendrix College,AR,485,399,362,421,24,26,14,1,65,other
1100,John Brown University,AR,372,338,304,341,23,22,10,3,58,other
1101,Univ. Ark. at Little Rock,AR,536,416,372,415,128,117,72,63,398,other
1102,Ouachita Baptist University,AR,422,355,289,342,36,14,28,19,97,other
1106,Williams Baptist College,AR,NA,NA,264,266,4,4,12,4,24,other
1107,Southern Ark. Univ.-Main,AR,461,389,321,362,27,31,34,23,115,other
1108,Univ. Arkansas-Fayetteville,AR,563,436,379,452,314,198,225,54,806,other
10311,Harding University,AR,424,374,335,380,80,46,41,8,179,other
1074,Grand Canyon University,AZ,358,328,274,299,20,18,24,12,74,other
1081,Arizona State University,AZ,603,449,399,489,576,445,251,7,1383,other
1082,Northern Arizona University,AZ,511,422,359,412,173,192,175,33,608,other
1083,University of Arizona,AZ,648,462,411,537,647,377,272,2,1349,other
1117,Azusa Pacific University,CA,430,375,318,368,43,62,32,12,156,other
1122,Biola University,CA,455,369,303,370,32,57,31,6,126,other
1131,California Inst. of Tech.,CA,970,733,576,866,173,40,44,0,257,other
1133,California Lutheran Univ.,CA,477,392,335,398,32,21,33,6,92,other
1137,Cal.St.Univ-Fullerton,CA,605,493,387,544,393,120,105,5,623,other
1138,Cal.St.Univ-Hayward,CA,606,491,384,552,258,69,49,7,383,other
1139,Cal.St.Univ-Long Beach,CA,600,474,401,542,491,171,112,6,780,other
1141,Cal.St.Univ-Dominguez Hills,CA,605,472,392,548,178,52,37,1,268,other
1143,Cal.Poly.St.U-Sn Luis Obispo,CA,607,496,394,571,507,102,60,1,670,other
1144,Cal.Poly.St.Univ-Pomona,CA,610,492,408,559,411,116,79,4,610,other
1146,Cal.St.Univ-Chico,CA,604,482,395,558,413,86,73,2,574,other
1147,Cal.St.Univ-Fresno,CA,603,476,382,553,459,109,67,14,649,other
1149,Humboldt State University,CA,593,468,387,543,213,38,50,0,301,other
1151,San Diego State University,CA,602,479,403,547,576,223,100,10,909,other
1155,San Jose State University,CA,598,486,404,528,431,222,158,8,819,other
1156,Sonoma State University,CA,602,459,380,553,170,34,29,0,233,other
1164,Chapman University,CA,578,470,420,491,38,37,36,0,111,other
1170,Claremont McKenna College,CA,716,516,411,601,36,16,12,2,67,other
1171,Harvey Mudd College,CA,771,579,454,638,34,14,20,0,68,other
1172,Pitzer College,CA,652,439,381,547,31,10,13,0,54,other
1173,Pomona College,CA,730,525,417,566,60,52,40,7,161,other
1174,Scripps College,CA,611,458,372,511,28,10,15,1,54,other
1179,College of Notre Dame,CA,524,421,374,448,25,16,15,3,59,other
1183,Holy Names College,CA,484,394,275,368,10,22,18,1,51,other
1216,University of La Verne,CA,482,392,326,401,41,28,41,0,110,other
1238,Mills College,CA,593,461,407,492,28,16,23,2,70,other
1249,Occidental College,CA,624,469,388,490,49,42,33,15,139,other
1253,Fresno Pacific College,CA,NA,NA,NA,361,0,0,0,0,54,other
1258,Pacific Union College,CA,362,333,315,336,40,17,41,4,102,other
1262,Point Loma Nazarene College,CA,507,393,358,429,43,21,23,7,94,other
1264,Pepperdine University,CA,715,561,511,637,130,72,22,7,231,other
1302,Saint Mary's Coll. of Calif.,CA,614,494,404,500,38,55,42,0,135,other
1305,Stanford University,CA,952,658,519,824,533,139,145,0,834,other
1312,Univ.of Calif.-Berkeley,CA,764,513,433,650,834,229,209,0,1346,other
1313,Univ.of Calif.-Davis,CA,683,478,404,561,535,190,234,0,1072,other
1314,Univ.of Calif.-Irvine,CA,708,488,423,574,319,161,138,0,673,other
1315,Univ.of Calif.-Los Angeles,CA,741,497,421,609,817,267,298,0,1499,other
1316,Univ.of Calif.-Riverside,CA,670,461,390,514,183,80,140,0,441,other
1317,Univ.of Calif.-San Diego,CA,723,487,401,595,405,147,130,0,734,other
1319,Univ.of Calif.-San Francisco,CA,624,449,380,520,154,83,74,0,314,other
1320,Univ.of Calif.-Santa Barbara,CA,712,473,401,578,371,125,145,0,694,other
1321,Univ.of Calif.-Santa Cruz,CA,677,464,391,537,186,93,92,0,413,other
1322,University of Redlands,CA,566,468,406,488,49,19,39,0,109,other
1325,University of San Francisco,CA,617,486,405,514,129,59,80,19,287,other
1326,Santa Clara University,CA,763,555,487,578,85,117,90,0,324,other
1328,Univ. of Southern California,CA,802,574,484,641,485,354,286,27,1165,other
1329,University of the Pacific,CA,542,420,372,459,172,92,100,10,377,other
1341,Westmont College,CA,489,408,339,415,30,19,22,3,74,other
1342,Whittier College,CA,666,499,347,531,48,27,24,9,108,other
1343,Woodbury University,CA,NA,373,365,381,5,11,6,0,22,other
3948,San Francisco State Univ.,CA,599,483,397,541,451,133,117,8,709,other
7993,Cal.St.Univ-Bakersfield,CA,597,482,377,499,95,48,50,13,206,other
10395,University of San Diego,CA,719,533,452,575,105,72,76,12,265,other
11649,Loyola Marymount University,CA,722,558,414,589,130,90,83,3,310,other
1345,Adams State College,CO,436,356,321,360,29,21,40,8,98,other
1347,Colorado College,CO,613,488,398,525,63,38,26,1,134,other
1349,Univ. of Northern Colorado,CO,480,390,333,385,151,111,129,35,467,other
1350,Colorado State University,CO,598,447,403,517,483,255,188,0,926,other
1353,Fort Lewis College,CO,439,385,342,392,73,35,52,5,165,other
1358,Mesa State College,CO,429,353,297,340,49,31,37,7,145,other
1360,Metro. State Coll.of Denver,CO,480,406,351,418,159,90,111,8,370,other
1363,Regis University,CO,489,434,349,424,16,26,12,2,56,other
1365,University Southern Colorado,CO,474,422,360,397,47,45,63,15,170,other
1370,Univ. of Colorado- Boulder,CO,652,494,421,528,457,301,227,93,1081,other
1371,University of Denver,CO,623,479,430,509,142,106,101,6,378,other
1372,Western State Coll. of Colo.,CO,452,381,324,402,52,25,26,0,103,other
4509,Univ. of Colo. at Colo.Sprgs,CO,522,422,385,451,62,56,40,3,161,other
6740,Univ. of Colorado at Denver,CO,596,453,408,467,106,108,119,35,368,other
9401,Colorado Christian Univ.,CO,NA,284,251,255,3,8,13,8,32,other
1374,Albertus Magnus College,CT,391,343,NA,340,9,7,5,3,24,east
1378,Central Connecticut St.Univ.,CT,666,534,397,518,118,119,137,16,390,east
1379,Connecticut College,CT,619,461,366,499,63,35,30,11,140,east
1380,Western Conn. State Univ.,CT,658,516,477,575,90,36,50,2,178,east
1385,Fairfield University,CT,685,545,452,545,62,43,81,6,192,east
1397,University of New Haven,CT,524,450,401,471,72,44,30,1,152,east
1402,Quinnipiac College,CT,697,540,412,553,82,51,64,10,207,east
1403,Sacred Heart University,CT,546,444,374,435,19,55,30,7,111,east
1406,Southern Conn. State Univ.,CT,644,514,385,522,160,125,120,12,417,east
1409,Saint Joseph College,CT,548,451,360,430,8,34,22,1,65,east
1414,Trinity College,CT,706,501,394,550,57,49,32,0,146,east
1416,University of Bridgeport,CT,505,437,360,434,32,29,26,1,90,east
1422,University of Hartford,CT,529,445,380,439,76,131,111,3,329,east
1424,Wesleyan University,CT,734,504,423,597,128,57,66,0,254,east
1425,Eastern Connecticut St.Univ.,CT,650,515,400,535,47,47,33,0,127,east
1426,Yale University,CT,928,522,444,708,404,118,191,6,767,east
1434,American University,DC,746,520,417,555,165,119,125,37,446,other
1437,Catholic Univ. of America,DC,611,449,385,482,123,141,104,6,374,other
1443,Gallaudet University,DC,623,480,399,482,86,67,70,35,261,other
1444,George Washington University,DC,729,542,447,610,316,175,134,12,637,other
1445,Georgetown University,DC,857,552,427,618,192,157,154,25,528,other
1448,Howard University,DC,656,483,403,481,241,282,189,111,891,other
1452,Mount Vernon College,DC,NA,360,288,330,3,10,17,0,30,other
1460,Trinity College,DC,457,362,293,350,12,12,21,2,47,other
29100,Univ.of District Columbia,DC,559,476,390,491,184,113,95,8,400,other
1428,Delaware State University,DE,545,435,359,379,29,47,61,34,183,east
1429,Goldey Beacom College,DE,492,405,NA,417,8,14,3,1,26,east
1431,University of Delaware,DE,723,531,422,556,341,319,217,65,953,east
1433,Wesley College,DE,448,373,334,376,14,12,22,1,49,east
1466,Barry University,FL,488,420,350,394,39,77,84,15,215,other
1468,St. Thomas University,FL,438,482,351,403,23,22,37,4,90,other
1479,Embry-Riddle Aero University,FL,457,369,310,365,70,130,84,7,299,other
1480,Florida A & M University,FL,524,426,359,424,103,123,111,27,364,other
1481,Florida Atlantic University,FL,580,426,394,461,183,147,159,30,528,other
1487,Eckerd College,FL,534,424,357,436,32,18,37,0,87,other
1488,Florida Southern College,FL,440,369,331,369,30,18,44,4,96,other
1489,Florida State University,FL,564,399,378,473,510,316,192,16,1038,other
1515,Rollins College,FL,542,420,321,457,78,43,26,7,154,other
1531,Stetson University,FL,622,437,370,477,61,52,65,2,185,other
1535,University of Florida,FL,613,430,399,501,981,721,510,49,2261,other
1536,University of Miami,FL,693,510,408,513,291,200,147,20,769,other
1537,University of South Florida,FL,571,418,369,455,387,319,239,45,1038,other
1538,University of Tampa,FL,495,425,371,416,36,37,46,4,127,other
3954,University Central Florida,FL,560,420,369,435,176,207,162,42,593,other
3955,University of West Florida,FL,489,391,350,390,59,65,75,22,221,other
8849,Palm Beach Atlantic College,FL,413,369,333,348,11,14,28,13,66,other
9635,Florida Internat'l Univ.,FL,558,423,395,433,182,261,220,76,767,other
9841,University of North Florida,FL,498,405,343,408,73,81,57,19,230,other
1542,Agnes Scott College,GA,527,421,356,426,19,24,19,4,66,other
1544,Albany State College,GA,444,395,335,371,38,24,68,8,138,other
1546,Armstrong State College,GA,462,367,315,347,38,32,119,12,201,other
1552,Augusta College,GA,503,409,336,383,40,43,79,21,183,other
1554,Berry College,GA,515,403,343,399,25,20,38,3,92,other
1561,Columbus College,GA,456,375,333,396,75,50,51,2,178,other
1564,Emory University,GA,796,547,451,608,203,177,161,8,549,other
1566,Fort Valley State College,GA,471,382,339,379,37,39,49,17,142,other
1569,Georgia Institute of Tech.,GA,684,517,462,558,235,206,167,17,626,other
1570,Southern Coll. of Technology,GA,457,386,360,398,44,58,40,4,146,other
1572,Georgia Southern University,GA,495,408,328,363,105,135,254,109,603,other
1574,Georgia State University,GA,666,474,390,502,258,254,241,40,793,other
1577,Kennesaw State College,GA,523,428,353,399,69,116,111,54,350,other
1580,Mercer University-Entire,GA,555,423,351,433,76,78,81,11,246,other
1586,Oglethorpe University,GA,516,454,329,450,21,9,10,0,44,other
1591,Shorter College,GA,370,308,294,317,16,17,17,5,55,other
1598,University of Georgia,GA,619,444,378,489,650,552,391,64,1658,other
1599,Valdosta State University,GA,477,386,344,390,88,90,114,19,311,other
1601,West Georgia College,GA,466,391,353,392,98,50,97,27,272,other
1602,Georgia College,GA,447,388,340,373,47,41,80,11,179,other
3484,Covenant College,GA,429,371,312,388,19,12,6,1,38,other
1610,Univ. of Hawaii at Manoa,HI,713,532,458,570,442,285,272,100,1099,other
21078,Univ. of Hawaii-West Oahu,HI,513,NA,396,449,8,4,8,0,20,other
29020,Univ. of Hawaii at Hilo,HI,576,461,414,467,43,47,37,14,141,other
1846,Briar Cliff College,IA,367,324,286,313,16,13,28,3,60,iowa
1847,Buena Vista College,IA,484,416,339,382,20,12,30,10,72,iowa
1850,Central University of Iowa,IA,464,413,334,395,23,36,22,8,89,iowa
1852,Clarke College,IA,436,361,312,338,11,10,25,8,54,iowa
1854,Coe College,IA,516,421,340,436,30,21,22,0,73,iowa
1856,Cornell College,IA,578,426,368,468,31,22,17,5,75,iowa
1859,Dordt College,IA,411,356,308,355,30,14,16,12,72,iowa
1860,Drake University,IA,601,458,409,481,101,61,107,16,285,iowa
1866,Graceland College,IA,411,331,301,345,26,11,29,1,70,iowa
1867,Grand View College,IA,385,320,295,329,22,31,20,2,75,iowa
1868,Grinnell College,IA,642,517,405,513,46,36,52,3,139,iowa
1869,Iowa State University,IA,684,506,404,534,467,353,284,84,1188,iowa
1873,Loras College,IA,419,363,314,363,37,35,31,6,109,iowa
1874,Luther College,IA,478,399,347,404,63,26,50,16,155,iowa
1879,Morningside College,IA,389,331,303,341,20,29,16,1,66,iowa
1880,Mount Mercy College,IA,379,356,334,337,7,20,28,8,63,iowa
1881,Mount St. Clare College,IA,NA,NA,NA,302,0,0,0,0,18,iowa
1883,Northwestern College,IA,430,372,311,344,9,16,27,6,58,iowa
1887,Simpson College,IA,491,377,339,394,25,11,17,14,67,iowa
1889,St. Ambrose University,IA,431,374,325,362,29,15,44,8,98,iowa
1890,University of Northern Iowa,IA,586,469,390,447,155,152,226,89,622,iowa
1891,University of Dubuque,IA,351,315,309,323,19,23,14,2,58,iowa
1892,University of Iowa,IA,706,509,432,579,486,308,260,10,1064,iowa
1893,Upper Iowa University,IA,NA,NA,287,303,4,5,6,12,27,iowa
1896,Wartburg College,IA,447,370,308,358,25,21,29,4,89,iowa
1899,Teikyo Westmar University,IA,NA,314,289,292,5,13,22,14,54,iowa
1900,William Penn College,IA,351,312,269,294,8,11,19,7,45,iowa
1616,Boise State University,ID,448,391,354,391,157,111,100,7,427,other
1617,Albertson Coll. of Idaho,ID,424,338,266,336,16,20,19,1,56,other
1620,Idaho State University,ID,466,382,337,368,128,99,113,120,460,other
1621,Lewis-Clark State College,ID,391,329,292,338,39,35,35,1,110,other
1624,Northwest Nazarene College,ID,NA,NA,NA,341,0,0,0,0,71,other
1626,University of Idaho,ID,514,408,373,438,217,165,155,9,546,other
1633,Augustana College,IL,527,425,362,418,41,28,50,18,137,other
1634,Aurora University,IL,434,379,339,372,18,16,19,16,69,other
1635,Barat College,IL,507,405,333,402,9,9,14,0,32,other
1639,Blackburn University,IL,NA,NA,NA,312,0,0,0,0,23,other
1641,Bradley University,IL,570,464,378,442,75,88,100,30,295,other
1664,College of Saint Francis,IL,446,422,345,392,12,15,23,0,50,other
1665,Columbia College,IL,NA,NA,NA,349,0,0,0,0,171,other
1666,Concordia University,IL,399,351,295,351,30,23,24,1,78,other
1671,DePaul University,IL,702,543,427,524,120,173,152,55,500,other
1674,Eastern Illinois University,IL,442,373,333,364,190,161,120,87,560,other
1678,Eureka College,IL,NA,370,315,355,5,16,16,0,37,other
1684,Greenville College,IL,374,331,292,336,27,11,15,4,57,other
1688,Illinois College,IL,522,424,347,424,16,18,14,3,51,other
1691,Illinois Institute of Tech.,IL,680,480,452,512,93,81,73,11,287,other
1692,Illinois State University,IL,548,436,373,460,289,187,244,0,720,other
1693,Northeastern Illinois Univ.,IL,460,378,359,394,139,88,71,0,331,other
1694,Chicago State University,IL,446,369,320,345,120,65,77,14,351,other
1696,Illinois Wesleyan University,IL,570,452,374,445,32,42,47,8,129,other
1700,Judson College,IL,400,358,305,358,10,12,6,1,29,other
1703,Kendall College,IL,NA,357,NA,319,1,11,3,4,19,other
1704,Knox College,IL,508,414,342,432,35,17,20,5,77,other
1706,Lake Forest College,IL,644,475,402,495,26,22,24,5,81,other
1707,Lewis University,IL,467,392,330,357,37,20,29,52,138,other
1710,Loyola Univ. of Chicago,IL,761,536,433,570,164,230,163,6,563,other
1717,MacMurray College,IL,324,263,250,262,13,9,16,31,69,other
1722,McKendree College,IL,433,397,341,381,16,10,16,5,47,other
1724,Millikin University,IL,478,409,313,386,34,38,46,6,124,other
1725,Monmouth College,IL,443,339,325,381,20,12,11,1,44,other
1733,National-Louis University,IL,490,405,337,348,20,51,120,23,253,other
1734,North Central College,IL,473,399,348,398,24,40,28,5,97,other
1735,North Park College,IL,415,337,285,339,23,18,18,2,65,other
1737,Northern Illinois University,IL,578,435,375,440,314,266,246,112,944,other
1739,Northwestern University,IL,860,596,496,712,460,209,203,0,872,other
1741,Olivet Nazarene University,IL,391,335,278,320,26,22,36,8,92,other
1744,Principia College,IL,465,400,345,395,20,9,13,7,49,other
1745,Quincy University,IL,372,371,285,345,18,21,14,2,55,other
1749,Roosevelt University,IL,484,405,359,416,50,58,42,2,152,other
1750,Rosary College,IL,448,378,377,382,10,25,34,3,72,other
1758,Southern Ill.Univ-Carbondale,IL,564,436,359,422,272,255,313,33,977,other
1759,Southern Ill.Univ-Edwardsvle,IL,531,442,389,453,168,126,95,24,421,other
1767,Illinois Benedictine College,IL,463,395,315,409,38,36,17,0,91,other
1768,Saint Xavier University,IL,551,452,388,439,22,78,53,6,159,other
1772,Trinity College,IL,NA,346,291,320,5,11,13,2,31,other
1774,University of Chicago,IL,894,586,515,742,467,138,161,36,802,other
1775,Univ. of Illinois-Urbana,IL,682,493,421,570,927,520,393,1,1868,other
1776,Univ. of Illinois-Chicago,IL,656,476,411,513,401,369,296,20,1135,other
1780,Western Illinois University,IL,506,427,350,421,241,171,123,62,606,other
1781,Wheaton College,IL,510,437,368,452,67,54,32,3,156,other
3970,Parks Coll.of St.Louis Univ.,IL,576,540,396,487,15,12,16,4,47,other
9333,Sangamon State University,IL,499,437,370,433,50,62,46,5,163,other
1785,Anderson University,IN,415,340,316,347,43,45,36,14,138,other
1786,Ball State University,IN,517,410,332,384,297,160,350,155,965,other
1787,Bethel College,IN,NA,NA,285,295,5,4,26,1,36,other
1788,Butler University,IN,521,442,366,439,72,66,77,3,220,other
1792,DePauw University,IN,540,433,361,452,51,57,38,0,146,other
1793,Earlham College,IN,514,394,338,445,44,13,22,0,79,other
1795,University of Evansville,IN,500,415,351,414,57,43,58,4,170,other
1798,Franklin College of Indiana,IN,440,363,325,381,24,16,20,0,60,other
1799,Goshen College,IN,388,341,291,345,37,19,28,0,84,other
1800,Grace College,IN,326,264,228,285,14,11,6,0,31,other
1801,Hanover College,IN,555,437,377,432,28,16,35,13,92,other
1803,Huntington College,IN,438,367,305,358,11,11,13,3,38,other
1804,University of Indianapolis,IN,487,408,358,382,16,38,52,19,125,other
1808,Univ. of Southern Indiana,IN,493,421,377,384,35,38,58,50,181,other
1809,Indiana Univ.-Bloomington,IN,674,479,399,540,624,344,305,1,1361,other
1811,Indiana Univ.-East,IN,NA,405,327,341,5,12,24,0,59,other
1812,Indiana-Purdue U.-Fort Wayne,IN,498,408,340,385,53,106,123,15,303,other
1813,Indiana Univ.-Indianapolis,IN,643,469,405,469,170,217,215,1,688,other
1814,Indiana Univ. at Kokomo,IN,519,432,380,397,13,21,29,0,81,other
1815,Indiana Univ.-Northwest,IN,544,446,355,410,25,63,33,0,152,other
1816,Indiana Univ. at South Bend,IN,544,445,391,420,32,56,57,0,175,other
1817,Indiana Univ.-Southeast,IN,529,408,369,422,41,24,42,0,125,other
1820,Manchester College,IN,412,340,289,340,24,22,17,11,74,other
1821,Marian College,IN,420,329,303,330,15,23,34,5,79,other
1822,Indiana Wesleyan University,IN,396,342,294,335,22,23,34,2,81,other
1824,Oakland City College,IN,NA,282,252,269,3,11,10,4,28,other
1825,Purdue Univ.-Main Campus,IN,721,485,423,562,603,411,400,29,1443,other
1827,Purdue University-Calumet,IN,519,413,364,405,47,105,74,21,247,other
1830,Rose-Hulman Inst. of Tech.,IN,608,522,447,549,51,29,21,0,101,other
1832,Saint Francis College,IN,NA,334,313,316,3,8,21,5,37,other
1833,Saint Joseph's College,IN,373,374,312,344,13,12,19,1,45,other
1834,Calumet College of St.Joseph,IN,324,264,235,265,6,6,9,2,23,other
1835,Saint Mary-of-the-Woods Coll,IN,307,234,199,232,11,11,18,4,44,other
1836,Saint Mary's College,IN,524,391,331,388,21,43,52,1,117,other
1837,Saint Meinrad College,IN,357,NA,NA,332,6,3,5,1,15,other
1838,Taylor University,IN,404,352,300,355,36,31,25,3,95,other
1839,Tri-State University,IN,395,324,291,340,23,28,10,3,64,other
1840,University of Notre Dame,IN,798,562,470,637,274,195,164,11,644,other
1842,Valparaiso University,IN,559,423,372,446,67,58,74,5,204,other
1844,Wabash College,IN,612,474,371,501,31,22,20,1,74,other
9563,Indiana State University,IN,500,394,343,423,248,133,151,16,548,other
1903,Baker University,KS,369,318,288,327,18,18,16,0,52,other
1904,Bethany College,KS,335,280,248,281,16,9,24,2,51,other
1905,Bethel College,KS,325,285,267,285,16,19,8,5,48,other
1915,Fort Hays State University,KS,446,378,325,377,84,56,71,21,232,other
1926,Pittsburg State University,KS,450,381,331,375,103,76,70,4,291,other
1927,Emporia State University,KS,435,390,330,367,67,67,78,26,238,other
1928,Kansas State University,KS,550,419,368,440,305,231,259,63,858,other
1929,Kansas Wesleyan University,KS,337,290,265,293,11,14,10,3,38,other
1933,McPherson College,KS,318,274,254,272,7,16,11,3,37,other
1937,Ottawa University,KS,338,292,264,284,13,12,22,8,55,other
1940,Southwestern College,KS,340,318,278,311,16,10,10,3,39,other
1943,Saint Mary College,KS,336,301,261,282,10,11,15,5,43,other
1946,Tabor College,KS,304,NA,222,257,8,5,8,3,24,other
1948,University of Kansas-Main,KS,579,422,367,485,474,297,204,6,981,other
1949,Washburn University,KS,594,438,333,457,76,55,59,11,201,other
1950,Wichita State University,KS,555,417,361,415,101,154,188,24,467,other
7032,Mid-America Nazarene College,KS,371,305,265,300,18,12,24,6,60,other
10256,Benedictine College,KS,335,316,278,296,11,16,16,7,50,other
1954,Bellarmine College,KY,473,385,326,394,32,18,27,7,84,other
1955,Berea College,KY,552,428,355,436,32,43,31,6,112,other
1958,Brescia College,KY,NA,322,273,299,4,10,14,4,32,other
1959,Campbellsville College,KY,342,278,252,277,12,11,16,7,46,other
1960,Spalding University,KY,359,315,289,313,15,22,26,3,66,other
1961,Centre College,KY,521,418,351,431,27,21,21,4,73,other
1962,Cumberland College,KY,354,291,272,286,17,23,32,20,97,other
1963,Eastern Kentucky University,KY,519,439,371,442,237,135,185,29,586,other
1964,Georgetown College,KY,398,338,297,343,29,18,19,6,72,other
1968,Kentucky State University,KY,460,403,329,377,26,35,52,5,118,other
1969,Kentucky Wesleyan College,KY,383,326,292,327,17,18,11,5,51,other
1972,Lindsey Wilson College,KY,NA,359,278,294,2,7,11,18,38,other
1976,Morehead State University,KY,478,395,322,373,87,89,123,37,336,other
1977,Murray State University,KY,462,396,342,383,95,101,101,7,336,other
1980,Pikeville College,KY,359,314,275,304,8,25,15,3,51,other
1987,Transylvania University,KY,447,393,318,384,18,25,18,2,63,other
1988,Union College,KY,314,287,255,277,11,20,8,9,48,other
1989,University of Kentucky,KY,634,473,418,521,470,416,308,6,1200,other
1999,University of Louisville,KY,584,442,368,476,276,208,169,12,674,other
2001,Thomas More College,KY,352,324,277,312,12,30,18,1,62,other
2002,Western Kentucky University,KY,485,408,347,413,223,135,144,43,553,other
9275,Northern Kentucky University,KY,506,427,350,388,83,96,90,14,341,other
2003,Centenary College of La.,LA,499,380,324,412,28,20,16,2,66,other
2004,Dillard University,LA,494,373,342,350,8,15,59,10,96,other
2005,Nicholls State University,LA,440,361,316,338,72,67,82,40,286,other
2006,Grambling State University,LA,442,392,329,349,48,48,124,45,265,other
2007,Louisiana College,LA,375,324,308,338,25,13,18,4,60,other
2008,Louisiana Tech University,LA,472,408,344,391,129,93,131,36,389,other
2010,Louisiana St.Univ.and A&M C.,LA,594,437,379,464,561,387,313,178,1439,other
2013,Louisiana St.Univ.Shreveport,LA,458,414,337,385,53,37,48,18,156,other
2015,University of New Orleans,LA,512,378,352,404,199,128,116,67,510,other
2016,Loyola University,LA,593,451,393,476,77,103,45,2,241,other
2017,McNeese State University,LA,456,374,323,363,76,77,104,33,290,other
2020,Northeast Louisiana Univ.,LA,459,376,325,343,88,102,159,100,449,other
2021,Northwestern State Univ.,LA,418,360,312,335,44,47,98,34,223,other
2023,Our Lady of Holy Cross Coll.,LA,NA,306,325,314,1,9,9,6,25,other
2024,Southeastern Louisiana Univ.,LA,468,405,329,348,68,68,163,90,389,other
2026,Southern Univ.at New Orleans,LA,406,329,298,320,23,22,64,11,120,other
2029,Tulane University,LA,713,514,418,564,172,166,115,3,456,other
2031,Univ. Southwestern Louisiana,LA,533,409,359,402,147,136,167,98,548,other
2032,Xavier University of La.,LA,459,389,332,352,37,41,91,34,203,other
9636,Southern Univ.A&M Coll.-Main,LA,455,392,336,367,100,88,210,48,446,other
2115,Amherst College,MA,726,516,425,610,87,23,43,0,153,east
2117,Anna Maria College,MA,407,364,318,341,6,9,14,4,33,east
2118,Assumption College,MA,479,400,325,385,22,42,40,3,107,east
2120,Merrimack College,MA,507,393,326,395,24,63,38,0,125,east
2121,Babson College,MA,787,613,557,633,31,45,31,3,119,east
2124,Bentley College,MA,717,566,493,575,48,84,56,10,198,east
2126,Berklee College of Music,MA,504,402,329,381,17,59,61,2,139,east
2128,Boston College,MA,784,569,496,614,165,245,126,10,556,east
2132,Bradford College,MA,447,352,310,346,9,18,8,6,41,east
2133,Brandeis University,MA,687,493,403,550,142,71,40,3,299,east
2139,Clark University,MA,664,469,395,522,58,64,38,0,160,east
2140,Coll.of Our Lady of the Elms,MA,431,353,305,342,10,18,19,5,52,east
2141,College of the Holy Cross,MA,695,506,406,519,44,84,54,4,186,east
2146,Emerson College,MA,669,502,386,488,21,33,35,3,92,east
2153,Gordon College,MA,432,352,319,381,35,18,13,5,71,east
2158,Lasell College,MA,NA,336,322,320,3,7,13,4,27,east
2161,Univ. of Mass. at Lowell,MA,664,539,464,587,223,191,52,10,476,east
2178,Massachusetts Inst. of Tech.,MA,903,637,528,757,583,177,164,36,989,east
2183,Bridgewater State College,MA,517,440,400,468,144,53,41,17,255,east
2184,Fitchburg State College,MA,512,429,395,444,87,56,70,11,224,east
2187,North Adams State College,MA,510,394,361,428,34,34,21,2,91,east
2189,Westfield State College,MA,523,419,378,457,79,46,44,0,169,east
2190,Worcester State College,MA,528,456,370,463,81,44,30,13,168,east
2192,Mount Holyoke College,MA,694,505,400,541,73,47,51,3,191,east
2199,Northeastern University,MA,688,525,460,543,236,260,176,0,730,east
2206,Regis College,MA,504,425,345,407,9,20,14,1,46,east
2208,Simmons College,MA,589,471,386,477,54,54,53,6,167,east
2209,Smith College,MA,732,514,405,591,127,70,59,6,262,east
2210,Univ. of Mass.-Dartmouth,MA,572,482,420,526,203,61,32,1,321,east
2211,Springfield College,MA,520,404,321,376,34,45,78,17,174,east
2217,Stonehill College,MA,513,428,354,423,24,56,36,0,116,east
2218,Suffolk University,MA,727,548,484,611,111,73,33,15,232,east
2219,Tufts University,MA,735,549,447,592,148,157,98,2,405,east
2221,Univ. Massachussets-Amherst,MA,704,537,438,607,650,306,146,7,1172,east
2222,Univ. Massachusetts-Boston,MA,656,543,445,549,154,186,100,1,473,east
2224,Wellesley College,MA,757,550,453,603,97,44,74,4,222,east
2226,Western New England College,MA,659,497,437,543,54,42,29,6,131,east
2227,Wheaton College,MA,602,435,357,486,44,16,25,6,91,east
2228,Wheelock College,MA,545,420,362,415,8,20,20,1,49,east
2229,Williams College,MA,707,503,417,543,77,36,88,0,213,east
2233,Worcester Polytechnic Inst.,MA,659,527,451,546,75,70,58,4,212,east
1436,Capitol College,MD,NA,344,NA,352,5,7,5,0,17,east
2062,Bowie State University,MD,510,433,349,401,31,28,51,14,127,east
2065,College of Notre Dame of Md.,MD,443,377,309,362,19,25,29,3,76,east
2067,Columbia Union College,MD,308,297,293,296,17,9,11,5,42,east
2068,Coppin State College,MD,557,435,366,431,26,32,36,4,103,east
2072,Frostburg State University,MD,498,423,366,416,76,56,70,8,228,east
2073,Goucher College,MD,529,387,358,411,21,27,23,4,75,east
2076,Hood College,MD,516,425,352,402,14,21,40,1,76,east
2077,Johns Hopkins University,MD,798,542,435,593,330,110,160,52,767,east
2078,Loyola College in Maryland,MD,632,500,397,482,50,76,89,5,222,east
2083,Morgan State University,MD,594,517,439,450,26,41,91,42,229,east
2086,Mount Saint Mary's Coll.&Sem,MD,465,384,311,358,14,29,34,4,85,east
2091,Salisbury State University,MD,543,445,357,404,54,63,78,8,240,east
2092,Saint John's College-Main,MD,NA,NA,NA,437,0,0,0,0,43,east
2095,St.Mary's Coll.of Maryland,MD,560,426,347,426,24,35,29,9,97,east
2099,Towson State University,MD,531,433,388,439,141,136,169,25,471,east
2101,U. S. Naval Academy,MD,595,455,377,492,125,100,67,7,299,east
2102,University of Baltimore,MD,680,560,490,582,62,50,54,0,166,east
2103,Univ.of Maryland-Coll. Park,MD,703,487,406,539,535,388,163,133,1285,east
2105,Univ.of Maryland-Balto.Co.,MD,638,455,395,464,87,119,104,32,353,east
2106,Univ.of Maryland-Estrn Shore,MD,500,455,388,379,8,33,25,5,113,east
2108,Washington College,MD,496,419,348,443,33,12,15,0,60,east
2109,Western Maryland College,MD,477,379,313,412,36,30,10,3,79,east
2033,Univ.of Maine at Presque Isl,ME,439,354,302,343,15,19,25,4,67,east
2036,Bates College,ME,671,490,404,518,45,31,45,6,127,east
2038,Bowdoin College,ME,738,527,418,554,41,40,35,4,123,east
2039,Colby College,ME,745,515,383,524,43,33,60,4,140,east
2040,Univ.of Maine at Farmington,ME,464,348,292,385,47,26,13,14,101,east
2041,Univ.of Maine at Fort Kent,ME,436,347,320,356,9,10,12,2,33,east
2043,Husson College,ME,407,358,302,334,12,13,18,6,49,east
2050,University of New England,ME,450,380,323,354,11,22,39,4,76,east
2051,Saint Joseph's College,ME,NA,321,283,295,4,8,33,0,45,east
2052,Thomas College,ME,NA,338,297,318,2,7,8,0,17,east
2053,Univ.of Maine at Orono,ME,574,436,366,449,122,197,102,19,452,east
2055,Univ.of Maine at Machias,ME,465,355,284,360,7,24,8,0,39,east
6858,Unity College,ME,355,261,261,285,8,7,16,0,31,east
9762,Univ.of Maine at Southern,ME,584,439,362,459,78,144,61,7,291,east
2234,Adrian College,MI,439,365,316,386,37,8,14,7,66,other
2235,Albion College,MI,562,443,346,462,47,27,33,2,109,other
2236,Alma College,MI,523,408,335,422,25,27,21,2,75,other
2239,Aquinas College,MI,387,313,275,319,27,32,27,4,90,other
2241,Calvin College,MI,471,410,363,446,152,33,20,7,212,other
2243,Central Michigan University,MI,588,460,397,490,230,191,137,23,581,other
2247,Concordia College,MI,342,304,257,289,10,12,15,3,40,other
2252,William Tyndale College,MI,309,NA,NA,295,1,2,4,0,7,other
2259,Eastern Michigan University,MI,560,447,389,462,318,171,160,17,729,other
2260,Ferris State University,MI,546,470,409,467,143,160,151,10,477,other
2266,Grand Rapids Baptist College,MI,353,287,254,283,9,19,12,4,44,other
2268,Grand Valley State Univ.,MI,568,479,387,467,91,105,118,7,321,other
2273,Hope College,MI,515,420,350,443,70,49,38,2,159,other
2275,Kalamazoo College,MI,553,440,352,452,36,25,24,7,92,other
2282,Madonna University,MI,482,395,352,382,19,12,42,11,84,other
2284,Marygrove College,MI,433,365,290,348,7,26,13,3,49,other
2290,Michigan State University,MI,651,493,413,555,949,494,350,47,1840,other
2292,Michigan Technological Univ.,MI,668,482,420,511,99,124,95,11,338,other
2293,Lake Superior State Univ.,MI,510,446,357,422,32,35,38,7,112,other
2301,Northern Michigan University,MI,571,459,347,467,149,72,61,21,329,other
2307,Oakland University,MI,633,518,432,534,123,142,85,8,358,other
2308,Olivet College,MI,400,NA,306,329,13,4,23,2,44,other
2314,Saginaw Valley State Univ.,MI,499,448,364,446,91,40,29,6,174,other
2316,Siena Heights College,MI,NA,342,300,325,2,31,23,1,57,other
2318,Spring Arbor College,MI,368,321,284,320,22,15,19,6,62,other
2326,Univ.of Michigan-Dearborn,MI,552,452,408,451,70,66,51,0,219,other
2327,Univ.of Michigan-Flint,MI,566,460,409,437,43,46,57,1,184,other
2329,Wayne State University,MI,683,525,447,535,317,267,216,8,925,other
2330,Western Michigan University,MI,603,489,396,502,285,233,189,24,731,other
4673,Baker College of Flint,MI,NA,NA,370,385,5,4,25,2,36,other
6771,Center for Creative Studies,MI,401,333,263,360,29,11,6,2,48,other
9092,Univ.of Michigan-Ann Arbor,MI,777,577,460,605,850,419,472,9,1968,other
2334,Augsburg College,MN,432,356,314,357,35,29,58,1,123,other
2336,Bemidji State University,MN,490,403,341,419,91,40,50,11,192,other
2340,Carleton College,MN,638,486,394,521,68,36,45,4,155,other
2341,College of Saint Benedict,MN,493,404,334,381,18,50,47,8,125,other
2342,College of St. Catherine,MN,428,369,326,356,27,53,54,9,143,other
2343,College of St. Scholastica,MN,461,374,327,345,14,31,50,18,119,other
2345,University of St. Thomas,MN,563,429,366,402,31,104,146,29,310,other
2346,Concordia College-Moorhead,MN,527,419,356,413,47,38,60,21,166,other
2347,Concordia College-St. Paul,MN,407,363,319,353,14,12,23,1,50,other
2353,Gustavus Adolphus College,MN,486,402,338,408,59,47,44,12,162,other
2354,Hamline University,MN,556,451,342,461,58,29,27,8,128,other
2358,Macalester College,MN,639,492,406,514,46,32,36,7,121,other
2360,Mankato State University,MN,523,441,371,453,210,138,125,16,489,other
2367,Moorhead State University,MN,512,421,353,419,131,65,120,29,345,other
2371,Northwestern College,MN,373,339,313,333,13,16,27,1,57,other
2375,Southwest State University,MN,525,417,355,459,57,40,19,1,117,other
2377,St. Cloud State University,MN,518,417,354,441,259,143,146,25,573,other
2379,St. John's University,MN,512,412,353,418,37,44,38,6,126,other
2380,Saint Mary's Coll. of Minn.,MN,488,396,295,389,28,23,27,3,81,other
2382,St. Olaf College,MN,551,417,355,446,82,93,49,11,235,other
2388,Univ. Minnesota-Duluth,MN,551,446,386,458,90,112,72,11,285,other
2389,Univ. Minnesota-Morris,MN,533,399,334,389,27,23,45,17,112,other
2394,Winona State University,MN,515,420,358,430,118,73,85,17,293,other
3969,Univ. Minnesota-Twin Cities,MN,662,468,418,557,785,468,271,12,1538,other
9058,Bethel College,MN,430,356,313,375,43,48,12,7,110,other
2449,Avila College,MO,379,340,295,317,10,13,17,12,52,other
2453,Central Methodist College,MO,402,336,252,310,11,20,22,3,56,other
2454,Central Missouri State Univ.,MO,517,440,379,429,158,103,135,53,451,other
2456,Columbia College,MO,362,307,273,299,10,11,22,3,46,other
2460,Culver-Stockton College,MO,396,348,297,332,9,20,22,1,52,other
2461,Drury College,MO,448,394,323,375,26,23,31,2,87,other
2466,Harris-Stowe State College,MO,350,298,302,304,12,6,8,14,40,other
2473,Kansas City Art Institute,MO,440,NA,299,373,26,1,13,7,47,other
2479,Lincoln University,MO,414,335,282,308,22,22,45,30,119,other
2480,Lindenwood College,MO,416,367,306,340,15,27,55,0,97,other
2482,Maryville Univ. of St.Louis,MO,449,355,310,359,26,13,27,12,78,other
2488,Missouri Southern State Coll,MO,489,406,349,389,42,50,67,28,187,other
2489,Missouri Valley College,MO,NA,318,285,302,4,18,22,3,47,other
2490,Missouri Western State Coll.,MO,473,393,334,385,44,44,64,9,161,other
2495,Northeast Missouri St. Univ.,MO,505,411,342,385,54,103,142,27,328,other
2496,Northwest Missouri St. Univ.,MO,526,404,348,379,48,49,85,36,231,other
2498,Park College,MO,341,320,283,299,10,8,24,3,45,other
2499,Rockhurst College,MO,448,380,350,369,15,31,33,9,88,other
2500,College of The Ozarks,MO,446,392,350,393,27,25,23,4,79,other
2501,Southeast Missouri St. Univ.,MO,505,432,359,416,113,99,106,45,363,other
2503,Southwest Missouri St. Univ.,MO,516,422,364,417,247,151,180,43,671,other
2506,Saint Louis Univ.-Main,MO,657,475,402,500,133,111,120,31,395,other
2512,Stephens College,MO,NA,NA,NA,282,0,0,0,0,62,other
2516,Univ.of Missouri-Columbia,MO,603,456,407,485,336,256,244,63,899,other
2517,Univ.of Missouri-Rolla,MO,663,508,454,564,114,79,56,4,253,other
2518,Univ.of Missouri-Kansas City,MO,580,445,381,473,151,167,107,9,434,other
2519,Univ.of Missouri-St. Louis,MO,576,460,412,476,86,103,110,5,304,other
2520,Washington University,MO,782,534,451,601,264,136,175,18,620,other
2521,Webster University,MO,505,435,325,395,28,29,55,0,115,other
2523,Westminster College,MO,451,390,298,381,17,17,12,4,50,other
2524,William Jewell College,MO,422,342,306,364,42,12,31,3,88,other
2525,William Woods University,MO,370,303,290,312,13,13,13,5,45,other
7540,Missouri Baptist College,MO,NA,294,281,265,1,7,10,11,29,other
9089,Hannibal-LaGrange College,MO,NA,284,248,258,4,8,21,5,38,other
2396,Alcorn State University,MS,419,371,326,320,25,35,35,73,168,other
2397,Belhaven College,MS,364,304,298,314,9,8,15,2,34,other
2398,Blue Mountain College,MS,284,259,NA,263,6,12,5,2,25,other
2403,Delta State University,MS,400,337,314,337,60,32,47,36,175,other
2410,Jackson State University,MS,425,391,337,362,81,79,114,54,328,other
2414,Millsaps College,MS,498,376,322,387,25,27,29,4,85,other
2422,Mississippi Univ. for Women,MS,400,NA,306,324,33,5,44,30,112,other
2423,Mississippi State University,MS,540,432,389,455,278,191,155,40,669,other
2424,Mississippi Valley St. Univ.,MS,359,331,287,297,25,17,38,26,106,other
2433,Rust College,MS,341,280,302,285,11,8,24,18,61,other
2439,Tougaloo College,MS,300,267,244,262,17,22,18,9,66,other
2440,University of Mississippi,MS,558,428,384,440,138,111,158,29,439,other
2441,Univ.of Southern Mississippi,MS,562,438,352,438,183,162,160,58,563,other
2526,Carroll College,MT,394,343,285,326,12,23,29,0,64,other
2527,College of Great Falls,MT,361,305,258,299,10,19,7,7,43,other
2530,Eastern Montana College,MT,409,358,292,348,47,41,48,5,141,other
2531,Montana Coll.Min.Sci.& Tech.,MT,481,395,336,420,45,17,18,6,86,other
2532,Montana State University,MT,497,397,346,407,154,146,144,24,468,other
2533,Northern Montana College,MT,403,342,309,332,15,19,41,3,79,other
2536,University of Montana,MT,446,365,323,392,200,79,95,16,390,other
2537,Western Montana Coll.of UM,MT,388,330,289,313,8,12,22,4,46,other
2905,North Carolina A&T St. Univ.,NC,524,448,409,432,68,106,116,15,361,other
2906,Appalachian State University,NC,491,413,366,424,249,117,113,19,545,other
2907,Univ. of N.C. at Asheville,NC,533,436,350,417,40,41,37,4,147,other
2908,Barton College,NC,348,312,299,311,18,25,37,3,84,other
2909,Barber-Scotia College,NC,352,312,287,297,13,12,14,13,52,other
2910,Belmont Abbey College,NC,348,316,281,309,8,21,17,0,46,other
2911,Bennett College,NC,351,377,300,323,9,16,16,11,52,other
2914,Catawba College,NC,395,326,288,342,30,12,23,1,66,other
2918,Davidson College,NC,626,460,356,506,60,34,32,4,130,other
2920,Duke University,NC,854,584,459,699,330,149,141,0,620,other
2923,East Carolina University,NC,554,430,377,415,189,187,261,11,792,other
2926,Elizabeth City State Univ.,NC,472,415,338,398,32,32,16,3,105,other
2927,Elon College,NC,459,388,331,372,30,38,64,6,138,other
2928,Fayetteville State Univ.,NC,525,437,375,407,27,72,50,4,193,other
2929,Gardner-Webb University,NC,348,305,294,312,39,7,26,15,87,other
2930,Greensboro College,NC,377,331,309,333,11,21,10,2,44,other
2931,Guilford College,NC,492,414,338,410,32,22,29,5,90,other
2933,High Point University,NC,475,397,330,349,14,25,35,9,94,other
2936,Johnson C. Smith University,NC,408,357,303,327,11,27,34,12,84,other
2941,Lenoir-Rhyne College,NC,377,323,295,345,47,26,17,1,91,other
2942,Livingstone College,NC,NA,257,263,259,5,12,22,14,53,other
2944,Mars Hill College,NC,356,308,259,309,35,16,18,11,80,other
2945,Meredith College,NC,440,373,328,366,26,30,31,16,103,other
2946,Methodist College,NC,348,309,295,316,21,21,19,1,62,other
2948,Montreat-Anderson College,NC,NA,304,274,299,4,12,8,0,24,other
2950,North Carolina Central Univ.,NC,551,447,373,423,56,84,70,9,263,other
2951,North Carolina Wesleyan Coll,NC,384,317,299,320,10,13,20,2,45,other
2954,Pembroke State University,NC,538,403,341,413,49,32,31,2,143,other
2955,Pfeiffer College,NC,395,322,269,337,23,9,15,2,49,other
2957,Queens College,NC,427,360,319,350,14,21,20,8,63,other
2960,Salem College,NC,378,349,283,324,9,15,17,3,44,other
2962,Shaw University,NC,NA,321,293,292,5,19,43,25,92,other
2972,North Carolina State Univ.,NC,665,475,417,505,463,345,200,12,1235,other
2974,Univ. of N.C. at Chapel Hill,NC,701,512,410,565,572,329,212,18,1268,other
2975,Univ. of N.C. at Charlotte,NC,568,448,385,441,173,189,197,0,643,other
2976,Univ. of N.C. at Greensboro,NC,610,443,377,435,140,178,135,8,572,other
2978,Wake Forest University,NC,685,526,433,557,135,86,74,18,323,other
2979,Warren Wilson College,NC,NA,NA,NA,283,0,0,0,0,42,other
2981,Western Carolina University,NC,515,439,364,414,71,106,93,1,319,other
2984,Univ. of N.C. at Wilmington,NC,533,419,366,421,94,105,108,1,346,other
2985,Wingate College,NC,380,308,301,320,23,25,24,7,79,other
2986,Winston-Salem State Univ.,NC,480,421,365,407,39,48,30,6,149,other
2989,Dickinson State University,ND,402,342,302,316,9,14,33,13,71,other
2993,Mayville State University,ND,415,NA,313,340,9,4,21,3,37,other
2994,Minot State University,ND,457,383,331,347,34,41,68,16,188,other
3005,Univ. of North Dakota-Main,ND,460,391,345,379,130,124,163,27,472,other
3008,Valley City State University,ND,403,368,313,340,12,14,16,6,54,other
9265,North Dakota State Univ.,ND,473,391,353,398,130,125,149,6,423,other
2539,Chadron State College,NE,491,404,329,390,33,20,19,19,91,other
2540,College of Saint Mary,NE,NA,321,293,300,5,13,19,6,43,other
2541,Concordia Teachers College,NE,352,316,282,320,22,16,15,1,54,other
2542,Creighton University,NE,649,462,351,437,66,119,127,22,342,other
2543,Dana College,NE,338,300,276,300,11,11,11,3,36,other
2544,Doane College,NE,436,392,326,360,17,7,28,5,57,other
2548,Hastings College,NE,426,359,305,353,19,19,24,4,66,other
2551,Univ. of Nebraska at Kearney,NE,509,433,365,409,81,89,92,9,309,other
2553,Midland Lutheran College,NE,372,NA,278,301,14,4,25,9,52,other
2554,Univ.of Nebraska at Omaha,NE,528,446,417,452,149,115,97,36,403,other
2555,Nebraska Wesleyan University,NE,454,381,327,396,37,23,25,2,87,other
2559,Peru State College,NE,483,402,308,367,14,8,19,9,50,other
2563,Union College,NE,290,293,272,288,18,14,7,1,40,other
2565,Univ.of Nebraska-Lincoln,NE,661,477,410,523,436,344,316,31,1127,other
2566,Wayne State College,NE,481,411,324,394,46,25,41,13,125,other
9743,Bellevue College,NE,379,340,289,317,6,12,23,0,41,other
9862,Clarkson College,NE,NA,407,377,368,1,6,8,11,26,other
2572,Colby-Sawyer College,NH,397,380,277,329,9,9,19,1,38,east
2573,Dartmouth College,NH,785,536,429,610,163,89,114,5,371,east
2575,Franklin Pierce College,NH,470,382,323,399,28,29,17,2,76,east
2579,New England College,NH,423,329,251,327,20,20,23,2,65,east
2580,New Hampshire College,NH,567,425,356,459,31,32,15,5,83,east
2584,Notre Dame College,NH,335,299,261,286,6,11,13,4,34,east
2586,Rivier College,NH,449,363,331,365,12,29,18,7,66,east
2587,Saint Anselm College,NH,512,403,338,381,16,35,51,7,109,east
2589,University of New Hampshire,NH,587,454,375,482,196,253,127,0,576,east
2590,Keene State College,NH,494,417,337,426,61,46,40,2,149,east
2591,Plymouth State College,NH,518,405,354,431,59,55,38,6,158,east
2597,Bloomfield College,NJ,476,434,354,406,12,13,17,4,46,east
2599,Centenary College,NJ,NA,305,252,266,1,10,16,9,36,east
2600,College of Saint Elizabeth,NJ,426,388,322,365,9,19,16,3,47,east
2603,Drew University,NJ,603,463,386,529,61,28,15,4,108,east
2608,Georgian Court College,NJ,490,425,373,403,19,13,30,8,71,east
2610,Felician College,NJ,NA,351,311,320,1,14,24,5,44,east
2613,Jersey City State College,NJ,649,525,405,520,80,66,90,1,237,east
2616,Monmouth College,NJ,616,509,408,519,41,55,29,1,126,east
2617,Montclair State College,NJ,647,521,417,532,155,130,125,9,419,east
2621,New Jersey Inst. of Tech.,NJ,771,606,501,615,104,98,71,0,303,east
2622,Kean College of New Jersey,NJ,640,516,423,525,115,107,115,3,340,east
2625,William Paterson College,NJ,653,519,409,535,120,97,88,7,312,east
2627,Princeton University,NJ,963,564,437,749,402,66,179,16,702,east
2628,Rider College,NJ,636,552,511,564,59,103,41,1,208,east
2631,Rutgers State Univ.-Newark,NJ,893,640,526,693,141,125,73,16,374,east
2632,Seton Hall University,NJ,736,557,414,553,98,110,101,13,332,east
2638,Saint Peter's College,NJ,477,391,317,404,46,42,21,5,117,east
2639,Stevens Institute of Tech.,NJ,647,494,415,544,66,37,30,4,137,east
2642,Trenton State College,NJ,644,524,422,525,108,81,123,1,313,east
4741,Rutgers State Univ.-Camden,NJ,860,633,510,648,61,73,61,6,206,east
6964,Rutgers State Univ.-N.Brswck,NJ,846,611,478,665,601,393,258,90,1374,east
8770,Fairleigh Dickinson Univ.,NJ,530,440,404,459,147,63,54,8,303,east
9344,Ramapo College of New Jersey,NJ,645,527,407,532,49,40,41,1,131,east
9345,Stockton State College,NJ,656,496,393,492,47,58,65,8,178,east
2093,Saint John's College,NM,NA,NA,NA,442,0,0,0,0,53,other
2651,Eastern New Mexico Univ.,NM,497,377,321,360,21,42,63,11,144,other
2653,New Mexico Highlands Univ.,NM,435,362,305,349,26,32,59,0,117,other
2654,New Mexico Inst. Min.&Tech.,NM,538,421,405,448,39,32,29,5,108,other
2657,New Mexico St. Univ- Main,NM,524,433,360,434,202,167,196,17,582,other
10313,Univ. New Mexico-Albuquerque,NM,579,431,379,466,314,268,195,0,837,other
2568,University of Nevada - Reno,NV,647,480,390,508,145,133,95,5,403,other
2569,Univ. of Nevada-Las Vegas,NV,596,476,392,452,152,192,214,0,642,other
2667,Dowling College,NY,661,596,484,563,25,29,36,3,93,east
2668,Alfred University,NY,520,427,367,439,46,25,36,6,113,east
2671,Bard College,NY,657,460,365,521,40,15,29,0,84,east
2681,Canisius College,NY,542,480,370,468,57,73,51,0,181,east
2685,Cazenovia College,NY,443,354,295,337,8,13,21,3,45,east
2699,Clarkson University,NY,703,515,475,563,55,58,43,5,161,east
2701,Colgate University,NY,669,505,406,539,78,61,56,3,198,east
2703,College of Mount St. Vincent,NY,NA,388,336,366,5,24,20,7,56,east
2704,College of New Rochelle,NY,539,449,391,447,11,38,17,1,67,east
2705,College of Saint Rose,NY,456,408,329,374,19,50,46,14,129,east
2707,Columbia University,NY,882,554,452,687,477,185,199,11,923,east
2708,Barnard College,NY,733,516,395,508,49,19,56,6,154,east
2709,Concordia College,NY,352,289,275,303,11,6,14,1,32,east
2710,Cooper Union for Adv.Sci&Art,NY,684,514,433,607,35,18,6,0,59,east
2711,Cornell Univ.-Endowed Colls.,NY,787,562,482,627,447,189,148,3,914,east
2711,Cornell Univ.-Statutory Clls,NY,651,511,431,549,318,231,105,41,707,east
2712,D'Youville College,NY,404,385,327,359,15,22,32,7,76,east
2713,Dominican College,NY,NA,400,354,365,4,10,19,9,42,east
2718,Elmira College,NY,497,342,306,359,13,24,26,0,63,east
2722,Fordham University,NY,744,573,444,590,166,183,140,9,498,east
2728,Hamilton College,NY,631,478,377,478,46,37,54,12,149,east
2729,Hartwick College,NY,505,423,340,419,50,23,36,0,123,east
2731,Hobart-William Smith Colls.,NY,605,462,352,495,61,39,34,3,137,east
2732,Hofstra University,NY,757,550,470,584,127,131,141,7,406,east
2734,Houghton College,NY,370,323,265,327,30,29,17,1,77,east
2735,Hilbert College,NY,318,NA,261,278,6,3,12,7,28,east
2737,Iona College,NY,594,462,393,461,42,81,59,10,192,east
2739,Ithaca College,NY,606,484,366,443,70,153,184,21,428,east
2744,Keuka College,NY,403,346,283,338,15,8,19,0,42,east
2748,Le Moyne College,NY,542,455,365,445,30,50,36,3,119,east
2758,Manhattan College,NY,595,500,388,488,45,74,50,3,172,east
2765,Marist College,NY,580,485,373,417,16,34,91,0,151,east
2768,Marymount Coll. Tarrytown,NY,426,349,297,357,17,24,13,2,56,east
2769,Marymount Manhattan College,NY,NA,407,332,382,4,26,19,0,49,east
2772,Mercy College,NY,524,399,341,416,53,38,48,6,149,east
2775,Molloy College,NY,541,435,353,381,16,20,58,22,116,east
2777,Medaille College,NY,435,371,276,349,11,16,13,2,43,east
2778,Mount Saint Mary College,NY,514,407,349,395,14,8,23,6,51,east
2779,Nazareth Coll. of Rochester,NY,513,428,343,430,37,33,35,0,105,east
2785,New York University,NY,887,591,507,683,532,337,252,42,1231,east
2788,Niagara University,NY,503,430,376,443,39,43,24,2,108,east
2791,Pace University,NY,685,513,436,576,187,124,77,3,397,east
2803,Rensselaer Polytechnic Inst.,NY,750,548,475,640,190,118,61,0,369,east
2806,Rochester Institute of Tech.,NY,568,476,417,466,182,215,179,13,665,east
2810,Russell Sage College,NY,487,409,351,397,19,56,37,6,118,east
2813,Sarah Lawrence College,NY,623,478,398,541,39,14,13,0,69,east
2814,Skidmore College,NY,642,492,397,498,42,69,48,5,164,east
2816,Siena College,NY,515,429,357,434,52,53,49,1,155,east
2817,St.Bonaventure University,NY,492,398,377,425,56,51,43,4,154,east
2820,St. Francis College,NY,543,466,350,446,22,14,14,7,57,east
2821,St. John Fisher College,NY,513,427,376,432,29,40,36,1,106,east
2825,Saint Joseph's College,NY,495,398,349,372,12,15,46,8,81,east
2829,St. Lawrence University,NY,627,473,366,488,50,56,40,7,153,east
2832,St. Thomas Aquinas College,NY,510,408,374,419,18,16,26,3,63,east
2835,SUNY at Albany,NY,732,526,407,576,260,217,125,0,638,east
2836,SUNY at Binghamton,NY,705,511,407,555,172,175,82,0,460,east
2838,SUNY at Stony Brook,NY,755,534,414,589,346,216,183,24,801,east
2841,SUNY College at Brockport,NY,603,501,397,492,87,107,88,0,296,east
2842,SUNY College at Buffalo,NY,536,433,359,444,144,157,88,3,424,east
2843,SUNY College at Cortland,NY,530,411,341,432,85,76,66,0,234,east
2844,SUNY College at Fredonia,NY,562,438,350,450,93,65,54,15,235,east
2845,SUNY College at Geneseo,NY,541,411,348,405,48,78,79,23,243,east
2846,SUNY College at New Paltz,NY,584,458,373,462,90,96,73,0,283,east
2847,SUNY College at Oneonta,NY,539,428,362,440,93,78,81,1,267,east
2848,SUNY College at Oswego,NY,537,427,339,441,111,105,78,4,302,east
2849,SUNY College at Plattsburgh,NY,538,435,343,445,107,76,71,1,266,east
2850,SUNY College at Potsdam,NY,531,413,337,424,78,63,52,9,219,east
2882,Syracuse University,NY,648,475,394,526,371,301,205,10,891,east
2883,Syracuse Univ.-Utica College,NY,487,394,339,401,27,46,32,0,105,east
2889,Union College,NY,638,508,399,512,60,50,54,9,173,east
2894,University of Rochester,NY,747,520,434,611,252,130,110,7,508,east
2895,Vassar College,NY,674,517,408,523,70,60,66,9,212,east
2899,Wagner College,NY,457,366,326,368,20,17,31,4,72,east
2901,Wells College,NY,464,373,318,396,21,10,14,0,46,east
4779,Long Island University,NY,631,513,408,531,233,175,124,22,561,east
4804,New York Inst. of Technology,NY,569,492,410,491,68,106,43,11,228,east
6791,SUNY College at Purchase,NY,534,432,362,437,29,52,28,0,114,east
6792,SUNY Coll.Tech. Utica-Rome,NY,536,457,414,444,8,48,19,8,85,east
7109,SUNY College at Old Westbury,NY,592,480,374,466,36,42,40,8,127,east
9554,SUNY at Buffalo,NY,762,548,423,601,400,338,218,9,982,east
10286,SUNY Empire State College,NY,543,437,361,430,33,47,35,3,132,east
3011,Art Academy of Cincinnati,OH,NA,286,NA,304,5,6,5,1,17,other
3012,Ashland University,OH,484,418,329,398,52,58,58,4,179,other
3014,Baldwin-Wallace College,OH,530,431,360,464,74,39,35,0,148,other
3016,Bluffton College,OH,368,309,272,312,16,13,19,1,49,other
3018,Bowling Green State Univ.,OH,620,481,394,483,226,212,180,65,690,other
3023,Capital University,OH,563,405,334,424,54,36,57,11,158,other
3024,Case Western Reserve Univ.,OH,754,518,470,585,213,133,126,58,530,other
3025,Cedarville College,OH,419,364,300,346,32,37,60,3,132,other
3032,Cleveland State University,OH,611,459,390,486,166,223,128,14,531,other
3033,College of Mount St. Joseph,OH,477,412,339,360,10,21,52,17,100,other
3036,Franciscan Univ.Steubenville,OH,445,362,300,349,15,32,34,2,83,other
3037,College of Wooster,OH,561,411,346,449,52,24,44,2,122,other
3038,Mount Union College,OH,476,394,325,399,25,21,17,7,70,other
3042,Denison University,OH,558,414,346,445,58,32,55,0,146,other
3045,University of Findlay,OH,417,370,301,330,18,29,51,7,115,other
3046,Franklin University,OH,NA,NA,NA,345,0,0,0,0,39,other
3048,Heidelberg College,OH,399,334,298,331,17,18,24,8,67,other
3049,Hiram College,OH,468,367,302,373,28,22,20,11,81,other
3050,John Carroll University,OH,587,473,389,465,59,56,74,14,203,other
3051,Kent State Univ.-Kent Campus,OH,654,473,389,502,221,244,203,14,682,other
3065,Kenyon College,OH,608,439,381,480,49,36,38,8,131,other
3069,Lourdes College,OH,NA,330,283,280,2,8,15,22,47,other
3072,Malone College,OH,410,352,306,343,20,18,26,4,70,other
3073,Marietta College,OH,445,366,298,370,27,18,19,5,69,other
3084,Muskingum College,OH,446,365,290,353,19,19,28,3,69,other
3085,Notre Dame College of Ohio,OH,NA,294,269,290,5,9,15,0,29,other
3086,Oberlin College,OH,588,454,385,507,121,69,43,6,239,other
3089,Ohio Northern University,OH,511,431,371,437,55,53,39,8,155,other
3092,Ohio State Univ.-Lima,OH,NA,460,335,384,3,14,19,3,39,other
3093,Ohio State Univ.-Mansfield,OH,NA,396,350,375,2,19,18,2,41,other
3094,Ohio State Univ.-Marion,OH,508,424,337,410,6,10,9,1,26,other
3095,Ohio State Univ.-Newark,OH,NA,417,353,392,4,13,17,2,36,other
3100,Ohio University-Athens,OH,632,486,393,512,248,241,192,4,687,other
3109,Ohio Wesleyan University,OH,541,395,354,453,67,25,42,2,136,other
3110,Otterbein College,OH,459,372,329,363,22,42,56,10,130,other
3121,Tiffin University,OH,485,379,334,379,6,7,14,0,27,other
3123,Univ. of Akron- Main Campus,OH,577,448,387,479,278,253,147,39,717,other
3125,Univ.of Cinti.-Main Campus,OH,666,483,393,535,447,410,244,12,1113,other
3127,University of Dayton,OH,590,479,392,482,123,159,130,7,419,other
3131,University of Toledo,OH,608,457,379,486,217,152,167,20,556,other
3133,Urbana University,OH,335,266,241,272,9,12,14,1,36,other
3134,Ursuline College,OH,413,350,297,306,8,10,20,24,62,other
3135,Walsh University,OH,407,344,278,346,17,19,10,0,49,other
3142,Wilmington College,OH,407,357,303,335,10,18,32,1,61,other
3143,Wittenberg University,OH,546,413,341,438,49,55,32,6,142,other
3144,Xavier University,OH,571,473,378,449,58,75,78,19,230,other
3145,Youngstown State University,OH,591,450,362,481,204,116,106,33,459,other
6883,Ohio State Univ.-Main campus,OH,703,491,415,555,758,679,443,30,1910,other
7104,Miami University,OH,616,474,376,478,258,225,219,60,763,other
8795,Antioch University,OH,441,348,300,316,30,15,17,3,162,other
9168,Wright State University-Main,OH,642,468,385,465,126,176,132,45,493,other
12748,Shawnee State University,OH,510,439,368,411,15,54,35,15,119,other
3150,Cameron University,OK,426,360,329,345,44,35,63,34,177,other
3151,Bartlesville Wesleyan Coll.,OK,NA,NA,NA,264,0,0,0,0,26,other
3152,University of Central Okla.,OK,503,442,384,416,108,57,166,58,389,other
3154,East Central University,OK,453,407,352,378,39,31,64,23,158,other
3157,Langston University,OK,459,375,313,342,12,31,34,29,108,other
3161,Northeastern State Univ.,OK,455,374,348,377,80,49,71,52,257,other
3163,Northwestern Okla.State Univ,OK,435,397,321,336,12,11,30,24,77,other
3164,Oklahoma Baptist University,OK,379,335,282,317,22,33,42,5,102,other
3165,Okla. Christian U. of S&Arts,OK,432,372,317,385,39,18,15,5,77,other
3167,Univ. of Sci.& Arts of Okla.,OK,427,369,336,362,13,18,11,10,52,other
3170,Oklahoma State Univ.-Main,OK,532,409,373,449,342,247,181,11,794,other
3174,Oklahoma Panhandle St.Univ.,OK,427,360,311,346,15,14,14,11,54,other
3175,Phillips University,OK,365,315,273,317,16,10,15,1,42,other
3179,Southeastern Okla. St. Univ.,OK,464,407,348,363,33,17,61,37,148,other
3181,Sthwtrn Okl.St.U.-Weatherfrd,OK,464,429,382,393,56,33,65,44,198,other
3184,University of Oklahoma,OK,600,445,368,470,286,225,236,24,778,other
3185,University of Tulsa,OK,686,500,404,513,84,108,73,20,287,other
1339,Western Baptist College,OR,NA,308,252,285,3,7,7,5,22,other
3191,Concordia College,OR,401,329,307,349,13,15,7,1,36,other
3193,Eastern Oregon State College,OR,470,363,309,373,20,23,17,5,65,other
3194,George Fox College,OR,418,373,302,355,20,27,27,3,77,other
3197,Lewis & Clark College,OR,601,442,362,477,74,36,47,6,171,other
3198,Linfield College,OR,481,377,319,397,47,47,31,4,129,other
3208,Northwest Christian College,OR,NA,NA,NA,292,4,5,2,0,11,other
3209,Western Oregon State College,OR,439,354,315,361,60,40,33,2,155,other
3210,Oregon State University,OR,597,473,400,475,206,209,133,46,622,other
3211,Oregon Institute of Tech.,OR,500,441,391,438,38,32,32,7,109,other
3212,Pacific University,OR,441,381,341,370,28,32,41,7,108,other
3216,Portland State University,OR,544,437,382,474,205,113,77,16,411,other
3217,Reed College,OR,596,442,378,495,47,20,31,0,98,other
3219,Southern Oregon State Coll.,OR,460,371,315,393,72,49,25,12,161,other
3223,University of Oregon,OR,597,446,375,459,240,182,152,89,671,other
3224,University of Portland,OR,587,437,387,436,26,57,42,2,135,other
3225,Warner Pacific College,OR,NA,279,216,269,4,14,8,0,26,other
3227,Willamette University,OR,596,390,345,478,69,43,28,4,145,other
3229,Albright College,PA,488,396,359,430,39,21,15,3,79,east
3230,Allegheny College,PA,576,414,332,415,36,46,54,8,144,east
3233,Alvernia College,PA,402,315,295,303,7,12,30,11,60,east
3235,Beaver College,PA,496,405,353,381,12,20,32,2,68,east
3237,Bryn Mawr College,PA,620,466,379,511,65,23,20,3,129,east
3238,Bucknell University,PA,658,497,415,528,84,85,73,1,243,east
3241,Cabrini College,PA,471,NA,354,398,15,5,18,3,41,east
3242,Carnegie-Mellon University,PA,829,566,499,678,256,138,125,4,523,east
3243,Cedar Crest College,PA,475,392,318,375,14,17,29,0,60,east
3244,Chatham College,PA,492,397,323,394,13,12,16,2,43,east
3245,Chestnut Hill College,PA,NA,322,277,311,5,10,18,4,37,east
3247,College Misericordia,PA,493,425,346,377,9,22,48,5,84,east
3252,Del. Valley Coll/Sci.&Agr.,PA,504,411,347,379,10,27,21,15,73,east
3253,Dickinson College,PA,622,468,380,466,35,47,51,7,144,east
3256,Drexel University,PA,674,496,459,568,153,114,73,0,341,east
3258,Duquesne University,PA,602,469,393,475,98,97,113,28,336,east
3259,Eastern College,PA,442,342,329,363,19,17,17,4,57,east
3262,Elizabethtown College,PA,552,456,371,448,30,39,26,6,105,east
3265,Franklin and Marshall Coll.,PA,675,481,387,517,56,43,44,9,152,east
3266,Gannon University,PA,453,377,341,365,35,54,76,17,182,east
3267,Geneva College,PA,416,366,312,366,17,17,16,0,50,east
3268,Gettysburg College,PA,627,475,400,485,38,65,28,20,151,east
3270,Gwynedd-Mercy College,PA,356,316,269,280,13,18,51,16,98,east
3274,Haverford College,PA,653,498,392,521,40,19,33,3,95,east
3275,Holy Family College,PA,480,395,335,364,12,14,33,16,75,east
3276,Immaculata College,PA,451,406,310,385,10,8,8,2,28,east
3277,Indiana University of Penn.,PA,675,541,425,546,243,201,173,41,658,east
3278,Thomas Jefferson University,PA,NA,505,428,441,5,9,24,18,59,east
3279,Juniata College,PA,488,391,316,419,36,20,16,2,74,east
3282,King's College,PA,498,427,354,409,22,28,45,0,95,east
3284,Lafayette College,PA,686,517,419,506,37,62,71,8,179,east
3287,La Salle University,PA,585,482,426,470,30,80,95,4,209,east
3288,Lebanon Valley College,PA,472,401,362,419,28,21,17,1,67,east
3289,Lehigh University,PA,757,543,448,635,216,118,77,4,416,east
3290,Lincoln University,PA,516,400,348,393,22,26,18,12,87,east
3293,Lycoming College,PA,502,436,352,395,16,26,33,11,86,east
3296,Marywood College,PA,514,429,356,412,25,41,52,3,121,east
3297,Mercyhurst College,PA,444,390,312,339,15,25,46,15,101,east
3298,Messiah College,PA,481,400,351,393,34,37,45,15,131,east
3301,Moravian College,PA,490,406,343,423,35,29,19,3,86,east
3303,Carlow College,PA,497,383,314,359,8,18,20,7,53,east
3304,Muhlenberg College,PA,589,432,359,449,36,31,37,2,115,east
3313,Widener University,PA,670,556,439,529,60,136,88,18,309,east
3315,Bloomsburg Univ. of Penn.,PA,669,538,428,528,98,109,131,10,348,east
3316,California Univ. of Penn.,PA,674,541,436,549,112,108,64,25,309,east
3317,Cheyney University of Penn.,PA,692,554,379,550,35,35,21,7,98,east
3320,East Stroudsburg University,PA,676,531,415,526,95,72,85,20,272,east
3321,Edinboro University of Penn.,PA,676,545,424,516,111,86,169,26,392,east
3322,Kutztown Univ. of Penn.,PA,669,544,418,528,119,117,122,25,383,east
3323,Lock Haven University,PA,676,544,417,508,46,64,61,26,197,east
3324,Mansfield Univ. of Penn.,PA,665,532,428,516,47,60,58,14,179,east
3325,Millersville Univ. of Penn.,PA,660,552,429,549,117,97,100,6,320,east
3326,Shippensburg University,PA,673,545,425,573,148,67,83,3,301,east
3327,Slippery Rock Univ. of Penn.,PA,675,532,431,537,127,104,138,11,380,east
3328,West Chester Univ. of Penn.,PA,667,540,431,533,136,163,176,8,483,east
3354,Phila.Coll.of Textiles&Sci.,PA,538,425,362,417,17,28,39,1,85,east
3357,Point Park College,PA,411,331,290,357,33,19,17,1,73,east
3359,Robert Morris College,PA,575,454,406,438,11,43,42,7,103,east
3362,Seton Hill College,PA,489,380,329,368,7,23,24,1,56,east
3366,Saint Francis College,PA,472,392,323,375,20,14,24,8,66,east
3367,St. Joseph's University,PA,594,484,427,487,39,50,63,2,154,east
3368,Saint Vincent College,PA,436,399,317,363,14,20,20,10,64,east
3369,Susquehanna University,PA,534,420,359,422,25,26,33,5,89,east
3370,Swarthmore College,PA,704,519,417,562,68,44,47,2,163,east
3371,Temple University,PA,736,579,454,606,490,332,291,37,1150,east
3376,Thiel College,PA,408,342,287,369,33,14,10,1,58,east
3378,University of Pennsylvania,PA,881,622,532,744,541,240,212,0,993,east
3379,Univ. of Pittsburgh-Main,PA,736,516,421,547,427,402,373,63,1325,east
3380,Univ. of Pittsburgh-Bradford,PA,489,418,340,373,8,14,25,8,55,east
3381,Univ. of Pittsburgh-Grnsburg,PA,478,401,314,369,9,23,14,10,56,east
3382,Univ. of Pittsburgh-Johnstwn,PA,554,430,322,404,16,63,32,17,133,east
3384,University of Scranton,PA,565,479,437,475,51,86,95,5,242,east
3385,Ursinus College,PA,528,419,354,434,32,28,29,2,91,east
3388,Villanova University,PA,726,535,438,536,133,143,206,21,503,east
3389,Washington & Jefferson Coll.,PA,549,480,373,473,33,29,18,7,87,east
3391,Waynesburg College,PA,407,332,297,333,20,11,22,11,67,east
3392,Westminster College,PA,497,410,337,423,47,12,24,10,93,east
3394,Wilkes University,PA,499,430,338,409,31,53,53,0,138,east
3396,Wilson College,PA,322,314,269,294,8,9,12,3,32,east
3399,York College of Pennsylvania,PA,615,512,414,464,13,32,67,1,113,east
3986,Alltwn.Coll.St.Francis Sales,PA,486,415,342,365,6,19,33,10,68,east
3987,La Roche College,PA,433,364,302,351,11,12,21,0,44,east
3988,Neumann College,PA,NA,328,296,307,5,9,27,3,44,east
6965,Penn State Univ.-Main Campus,PA,721,509,417,522,622,449,427,160,1799,east
9235,Clarion University of Penn.,PA,649,539,419,517,100,92,110,22,324,east
3401,Brown University,RI,752,515,433,625,286,100,111,0,514,east
3402,Bryant College,RI,632,582,502,556,40,43,45,0,135,east
3406,Providence College,RI,633,526,418,489,43,68,93,15,219,east
3407,Rhode Island College,RI,518,442,381,453,125,101,96,1,323,east
3409,Rhode Island School Design,RI,558,427,351,444,35,49,34,0,118,east
3411,Salve Regina University,RI,495,397,327,385,29,43,37,14,124,east
3414,University of Rhode Island,RI,630,473,416,541,334,187,135,3,659,east
4917,Roger Williams University,RI,NA,NA,NA,464,0,0,0,0,104,east
3419,Charleston Southern Univ.,SC,429,356,299,327,12,20,29,6,72,other
3420,Benedict College,SC,320,260,241,257,21,10,29,18,78,other
3422,Central Wesleyan College,SC,293,247,214,264,20,7,9,0,36,other
3423,Citadel Military Coll.of SC,SC,469,405,332,421,65,59,24,0,148,other
3425,Clemson University,SC,602,441,375,466,296,224,191,42,801,other
3427,Coker College,SC,425,359,318,358,14,9,18,2,43,other
3428,College of Charleston,SC,475,410,320,374,68,102,118,32,320,other
3430,Columbia College,SC,415,355,330,358,23,25,15,9,76,other
3431,Converse College,SC,467,384,317,372,12,31,23,3,69,other
3432,Erskine College,SC,420,NA,297,355,19,5,14,2,40,other
3434,Furman University,SC,551,414,343,453,86,39,54,6,185,other
3435,Lander University,SC,453,381,343,380,34,31,41,4,114,other
3436,Limestone College,SC,277,282,250,264,7,8,11,2,28,other
3439,Morris College,SC,NA,278,252,269,5,16,21,4,46,other
3440,Newberry College,SC,351,290,243,287,11,19,11,5,46,other
3445,Presbyterian College,SC,503,376,316,397,26,22,22,5,75,other
3446,South Carolina State College,SC,458,379,307,350,59,58,77,36,255,other
3448,Univ. South Carolina-Main,SC,585,436,385,475,417,335,194,60,1034,other
3449,Univ. South Carolina-Aiken,SC,461,392,317,374,30,39,36,12,117,other
3451,Coastal Carolina University,SC,437,377,314,340,23,43,49,28,143,other
3455,Voorhees College,SC,NA,NA,254,233,1,3,12,14,30,other
3456,Winthrop University,SC,464,378,327,378,73,78,70,19,242,other
3457,Wofford College,SC,537,413,367,448,24,27,11,2,64,other
6951,Univ. South Carolina-Sprtbrg,SC,433,368,303,366,49,43,16,21,132,other
9226,Francis Marion University,SC,476,394,328,387,64,37,40,25,166,other
3458,Augustana College,SD,434,382,322,364,34,22,45,7,108,other
3459,Black Hills State University,SD,410,341,303,329,24,13,50,11,98,other
3461,Dakota Wesleyan University,SD,NA,290,246,257,4,11,13,7,36,other
3463,Dakota State University,SD,469,357,349,351,9,11,24,12,56,other
3466,Northern State University,SD,417,333,297,337,27,30,35,12,104,other
3469,Sioux Falls College,SD,376,308,289,311,7,12,15,2,36,other
3470,South Dakota Sch.Min.& Tech.,SD,473,414,362,419,45,28,26,5,104,other
3471,South Dakota State Univ.,SD,440,368,326,368,132,67,122,44,367,other
10300,University of South Dakota,SD,480,364,340,362,88,75,134,55,352,other
3478,Austin Peay State University,TN,482,362,314,374,86,47,102,17,252,other
3479,Belmont University,TN,484,372,315,382,42,54,45,7,148,other
3480,Bethel College,TN,287,NA,255,262,9,4,9,5,27,other
3481,Carson-Newman College,TN,393,334,286,324,32,33,41,11,117,other
3482,Christian Brothers Univ.,TN,414,347,312,345,22,28,32,4,86,other
3486,David Lipscomb University,TN,453,374,308,365,33,22,25,17,97,other
3487,East Tennessee State Univ.,TN,519,449,358,411,129,124,165,68,486,other
3490,Fisk University,TN,383,369,269,319,17,19,17,2,65,other
3492,Freed-Hardeman University,TN,382,326,271,305,16,23,20,9,69,other
3498,Lambuth University,TN,316,288,283,294,15,9,16,2,42,other
3500,Lee College,TN,350,320,284,297,12,20,29,13,74,other
3505,Maryville College,TN,429,351,289,338,12,14,19,4,49,other
3509,Memphis State University,TN,558,425,376,443,264,194,193,71,722,other
3510,Middle Tenn. State Univ.,TN,542,418,336,410,202,167,224,76,669,other
3511,Milligan College,TN,398,334,291,347,21,16,15,0,52,other
3518,Southern C.Seventh-Day Advts,TN,270,261,249,260,34,32,19,5,90,other
3519,Rhodes College,TN,575,446,353,430,23,37,46,4,110,other
3522,Tennessee State University,TN,477,418,330,407,111,78,71,28,288,other
3523,Tennessee Technological Univ,TN,547,424,346,436,146,98,100,32,376,other
3527,Tusculum College,TN,353,327,290,314,6,7,14,0,27,other
3528,Union University,TN,396,361,318,332,18,22,52,20,112,other
3529,Univ. of Tenn.at Chattanooga,TN,494,420,365,428,113,60,79,11,263,other
3530,Univ.of Tennessee-Knoxville,TN,600,454,402,501,535,325,202,65,1139,other
3531,Univ.of Tennessee-Martin,TN,473,409,337,413,103,57,48,17,225,other
3534,University of the South,TN,578,427,347,485,53,20,18,6,99,other
3535,Vanderbilt University,TN,807,522,432,612,289,160,177,9,657,other
6725,Univ. of Tennessee- Memphis,TN,605,461,403,486,53,60,40,11,164,other
3537,Abilene Christian University,TX,424,375,339,376,68,42,36,14,160,other
3541,Angelo State University,TX,485,425,369,398,68,27,40,45,180,other
3543,Austin College,TX,508,394,320,418,37,20,23,4,84,other
3564,East Texas Baptist Univ.,TX,377,318,325,329,19,9,17,10,55,other
3565,East Texas State University,TX,494,378,351,418,107,66,58,13,248,other
3571,Hardin-Simmons University,TX,378,311,295,330,39,11,25,9,84,other
3576,Houston Baptist University,TX,408,363,314,345,34,19,43,15,111,other
3581,Lamar University-Beaumont,TX,482,382,334,361,82,81,91,64,343,other
3584,LeTourneau University,TX,404,343,319,349,15,18,11,6,50,other
3592,Midwestern State University,TX,491,418,362,399,42,45,54,20,162,other
3594,University of North Texas,TX,551,443,382,448,249,203,234,5,751,other
3598,Our Lady of the Lake Univ.,TX,499,405,346,379,24,25,30,21,101,other
3599,Univ. of Texas-Pan Amer.Univ,TX,503,426,343,367,63,85,109,109,369,other
3604,Rice University,TX,809,548,481,663,224,89,91,8,422,other
3606,Sam Houston State University,TX,497,403,341,408,147,63,116,10,365,other
3610,Schreiner College,TX,354,300,257,282,12,8,8,12,40,other
3613,Southern Methodist Univ.,TX,733,505,463,550,158,154,135,5,483,other
3615,Southwest Texas State Univ.,TX,495,410,328,385,209,135,204,53,662,other
3620,Southwestern University,TX,627,470,373,478,22,33,25,3,83,other
3621,St. Edward's University,TX,469,385,331,380,12,45,24,2,83,other
3623,St. Mary's University,TX,652,474,383,502,58,57,49,5,169,other
3624,Stephen F.Austin State Univ.,TX,473,379,338,380,138,74,114,37,391,other
3625,Sul Ross State University,TX,440,368,310,354,34,15,24,8,95,other
3630,Prairie View A&M University,TX,485,421,347,369,34,58,64,73,232,other
3631,Tarleton State University,TX,446,399,347,354,42,48,48,62,204,other
3636,Texas Christian University,TX,654,477,423,511,107,109,99,9,336,other
3639,Texas A&M Univ.-Kingsville,TX,467,393,348,386,72,51,41,12,192,other
3641,Texas Lutheran College,TX,458,370,313,365,20,13,20,8,61,other
3642,Texas Southern University,TX,551,455,366,423,83,82,104,50,331,other
3644,Texas Tech University,TX,610,429,363,468,270,216,220,14,742,other
3645,Texas Wesleyan University,TX,456,536,298,439,42,30,15,9,96,other
3646,Texas Woman's University,TX,499,401,342,396,93,107,101,40,353,other
3647,Trinity University,TX,696,477,389,548,95,61,57,3,216,other
3651,University of Dallas,TX,474,432,364,395,23,35,25,1,108,other
3652,University of Houston,TX,681,462,398,520,341,288,238,24,903,other
3656,Univ. of Texas at Arlington,TX,581,438,395,455,185,224,137,0,608,other
3658,Univ. of Texas at Austin,TX,732,476,432,577,997,439,480,30,2099,other
3661,Univ. of Texas at El Paso,TX,522,417,365,404,101,122,142,10,423,other
3663,Wayland Baptist Univ.,TX,433,278,252,311,18,19,15,10,62,other
3665,West Texas A&M University,TX,467,358,326,340,65,35,58,58,228,other
6967,Baylor University,TX,619,474,397,476,226,131,103,7,601,other
9651,Texas A&M Internat'l Univ.,TX,445,432,380,404,10,16,18,4,48,other
9741,Univ. of Texas at Dallas,TX,661,505,451,557,89,58,59,1,207,other
9930,Univ. of Texas -Permian Bsn.,TX,457,393,348,384,21,18,26,6,76,other
10115,Univ. of Texas -San Antonio,TX,546,441,379,429,61,120,108,6,314,other
10298,Texas A&M Univ.at Galveston,TX,570,368,376,393,15,15,8,0,63,other
10366,Texas A & M University-Main,TX,645,460,394,505,652,424,305,2,1546,other
11161,Texas A&M U.-Corpus Christi,TX,475,396,334,400,49,44,45,4,142,other
11163,Univ. of Texas at Tyler,TX,522,421,359,409,39,37,24,0,133,other
11711,Univ. of Houston-Clear Lake,TX,558,479,409,467,48,65,45,4,174,other
11854,University of Central Texas,TX,NA,321,279,302,2,7,8,2,19,other
12826,Univ. of Houston-Downtown,TX,503,404,336,365,20,53,44,1,153,other
13231,Univ. of Houston-Victoria,TX,NA,389,319,355,5,11,11,2,29,other
29269,East Texas State U-Texarkana,TX,480,373,NA,429,20,6,2,4,32,other
3670,Brigham Young University,UT,661,504,431,543,577,382,304,49,1372,other
3675,University of Utah,UT,615,432,383,498,388,231,216,25,860,other
3677,Utah State University,UT,518,403,364,420,199,165,158,20,583,other
3678,Southern Utah University,UT,421,349,290,335,33,48,55,11,147,other
3680,Weber State University,UT,483,388,341,389,160,97,124,61,459,other
3681,Westminster Coll. Slt.Lke.Cy,UT,445,367,325,359,15,25,35,4,79,other
3702,Averett College,VA,372,319,281,328,19,15,11,3,48,other
3704,Bridgewater College,VA,450,390,332,383,22,15,21,4,62,other
3705,College of William and Mary,VA,679,499,382,525,185,132,123,30,470,other
3706,Christopher Newport Univ.,VA,509,442,363,412,39,44,68,15,166,other
3708,Eastern Mennonite Coll.&Sem.,VA,387,335,286,325,26,13,15,13,69,other
3709,Emory and Henry College,VA,440,358,296,363,18,19,14,3,54,other
3711,Ferrum College,VA,415,342,299,353,27,21,16,5,69,other
3713,Hampden-Sydney College,VA,529,397,338,417,28,28,13,0,80,other
3714,Hampton University,VA,494,377,323,359,45,86,134,13,297,other
3715,Hollins College,VA,498,398,306,388,18,27,23,3,71,other
3719,Longwood College,VA,487,420,336,393,33,50,50,17,150,other
3720,Lynchburg College,VA,465,392,317,395,49,36,37,3,125,other
3721,James Madison University,VA,521,447,366,441,187,151,131,39,508,other
3723,Mary Baldwin College,VA,457,370,311,362,13,31,25,2,71,other
3724,Marymount University,VA,524,418,369,448,48,30,34,0,112,other
3728,Old Dominion University,VA,595,451,370,446,165,228,156,52,643,other
3732,Radford University,VA,499,393,354,407,137,119,92,43,391,other
3733,Randolph-Macon College,VA,522,395,313,399,22,30,21,6,79,other
3734,Randolph-Macon Woman's Coll.,VA,495,411,337,409,17,28,18,2,65,other
3735,Virginia Commonwealth Univ.,VA,610,492,404,491,220,310,211,43,784,other
3736,Roanoke College,VA,494,408,338,412,27,37,28,0,92,other
3737,Shenandoah University,VA,463,387,330,392,32,26,25,6,89,other
3739,Saint Paul's College,VA,319,309,275,290,8,9,8,8,33,other
3742,Sweet Briar College,VA,539,433,372,468,28,26,11,0,65,other
3744,University of Richmond,VA,711,550,418,565,80,70,72,0,222,other
3746,Mary Washington College,VA,475,397,325,401,59,43,48,0,157,other
3747,U. Va. Clinch Valley College,VA,445,352,313,350,17,14,18,4,58,other
3749,George Mason University,VA,753,524,445,568,210,266,156,43,675,other
3752,Virginia Intermont College,VA,332,318,279,307,7,15,12,0,34,other
3753,Virginia Military Institute,VA,532,446,364,467,52,14,24,2,94,other
3754,Virginia Poly.Inst.&St.Univ.,VA,655,467,404,519,598,526,270,91,1485,other
3764,Virginia State University,VA,453,416,375,398,55,49,59,28,191,other
3765,Norfolk State University,VA,492,429,355,406,83,88,92,30,297,other
3766,Virginia Union University,VA,401,351,264,283,8,15,37,8,78,other
3767,Virginia Wesleyan College,VA,527,432,356,436,28,11,24,9,72,other
3768,Washington & Lee University,VA,685,487,397,592,84,30,24,0,138,other
6968,University of Virginia,VA,777,517,430,610,445,277,201,18,973,other
10392,Liberty University,VA,401,341,279,327,44,56,51,17,168,other
29261,Christendom College,VA,NA,NA,279,320,1,5,7,0,13,other
3682,Bennington College,VT,NA,NA,NA,373,0,0,0,0,46,east
3683,Castleton State College,VT,432,355,302,355,26,27,34,3,90,east
3687,Green Mountain College,VT,416,355,309,342,9,11,10,5,35,east
3688,Johnson State College,VT,423,349,303,342,14,21,29,2,66,east
3689,Lyndon State College,VT,433,366,293,366,18,22,17,0,57,east
3691,Middlebury College,VT,678,469,398,512,68,33,56,14,182,east
3692,Norwich University,VT,423,356,297,371,62,51,32,1,146,east
3694,Saint Michael's College,VT,501,414,344,404,33,38,46,0,122,east
3695,Trinity College of Vermont,VT,364,340,299,325,6,20,11,1,40,east
3696,University of Vermont,VT,606,450,370,458,175,174,115,0,555,east
3771,Central Washington Univ.,WA,483,355,292,401,172,80,72,0,340,other
3775,Eastern Washington Univ.,WA,480,406,352,425,181,79,74,14,348,other
3777,Heritage College,WA,NA,359,319,322,4,7,9,8,28,other
3778,Gonzaga University,WA,616,428,345,420,49,83,96,23,251,other
3785,Pacific Lutheran University,WA,494,409,351,422,78,88,63,0,229,other
3788,Seattle Pacific University,WA,457,388,335,390,50,48,34,7,144,other
3790,Seattle University,WA,565,476,408,458,53,88,69,14,237,other
3794,Saint Martin's College,WA,378,347,303,325,7,14,28,1,50,other
3797,University of Puget Sound,WA,623,469,389,516,80,44,51,0,175,other
3798,University of Washington,WA,683,485,421,555,893,472,352,11,1906,other
3799,Walla Walla College,WA,333,314,300,312,45,20,36,13,117,other
3800,Washington State University,WA,597,447,393,470,337,281,279,62,965,other
3802,Western Washington Univ.,WA,537,444,371,462,153,141,67,6,385,other
3803,Whitman College,WA,568,451,372,476,37,32,23,1,93,other
3804,Whitworth College,WA,426,349,279,345,26,39,18,10,93,other
8155,Evergreen State College,WA,NA,NA,NA,430,0,0,0,0,154,other
3832,Alverno College,WI,438,352,282,314,9,31,74,0,114,other
3835,Beloit College,WI,521,409,357,453,42,15,22,1,80,other
3839,Carthage College,WI,434,374,319,371,28,18,35,0,81,other
3854,Lakeland College,WI,406,NA,321,329,11,3,19,8,46,other
3856,Lawrence University,WI,570,425,364,462,42,28,31,3,104,other
3861,Marian Coll.of Fond du Lac,WI,440,371,302,334,9,17,41,4,71,other
3863,Marquette University,WI,705,521,426,527,94,238,151,0,483,other
3868,Milwaukee School of Engrg.,WI,484,411,353,439,56,27,20,0,103,other
3869,Mount Mary College,WI,393,327,282,312,8,19,19,6,52,other
3875,Northland College,WI,375,296,271,325,19,15,7,2,44,other
3884,Ripon College,WI,491,380,320,409,28,23,17,1,69,other
3892,St. Norbert College,WI,546,445,353,415,15,45,42,7,109,other
3895,Univ. Wisconsin-Madison,WI,666,498,439,573,918,287,360,30,1641,other
3896,Univ. Wisconsin-Milwaukee,WI,604,465,421,495,267,306,192,2,797,other
3899,Univ. Wisconsin-Green Bay,WI,498,417,356,419,52,55,35,3,157,other
3911,Viterbo College,WI,448,366,316,344,10,23,28,10,71,other
3915,Univ. Wisconsin-Stout,WI,502,394,349,412,121,71,69,6,300,other
3917,Univ. Wisconsin-Eau Claire,WI,489,410,372,428,167,126,112,12,417,other
3919,Univ. Wisconsin-La Crosse,WI,511,424,384,430,128,103,90,8,369,other
3921,Univ. Wisconsin-Platteville,WI,517,417,357,437,94,57,58,0,221,other
3923,Univ. Wisconsin-River Falls,WI,485,399,340,420,112,57,57,2,238,other
3924,Univ. Wisconsin-Stevens Pnt.,WI,516,423,353,437,138,104,84,5,344,other
3925,Univ. Wisconsin-Superior,WI,501,410,348,432,42,26,19,5,97,other
3926,Univ. Wisconsin-Whitewater,WI,525,434,368,432,127,103,99,5,379,other
5015,Univ. Wisconsin-Parkside,WI,535,427,391,434,49,58,37,1,163,other
9630,Univ. Wisconsin-Oshkosh,WI,541,435,374,439,104,108,130,4,356,other
3806,Alderson Broaddus College,WV,385,315,272,299,9,18,25,11,63,other
3808,Bethany College,WV,397,348,286,340,21,6,23,0,50,other
3809,Bluefield State College,WV,409,315,268,310,23,22,34,12,91,other
3810,Concord College,WV,400,342,284,325,29,18,35,12,94,other
3811,Davis and Elkins College,WV,373,305,259,299,14,10,14,7,46,other
3812,Fairmont State College,WV,432,362,317,361,57,44,45,27,173,other
3813,Glenville State College,WV,396,325,274,298,12,17,28,16,75,other
3815,Marshall University,WV,477,390,309,390,144,121,102,30,397,other
3818,University of Charleston,WV,385,347,324,333,10,21,21,15,67,other
3820,Salem-Teikyo University,WV,422,353,305,306,6,11,17,16,50,other
3822,Shepherd College,WV,415,348,312,342,27,31,33,14,115,other
3823,West Liberty State College,WV,417,327,235,337,42,62,18,7,130,other
3825,West Virginia Inst. of Tech.,WV,408,340,297,349,54,43,29,11,137,other
3827,West Virginia University,WV,535,431,361,439,335,237,272,22,895,other
3830,West Virginia Wesleyan Coll.,WV,441,383,339,383,25,22,24,3,74,other
3831,Wheeling Jesuit College,WV,403,348,282,315,8,20,25,12,65,other
3932,University of Wyoming,WY,539,410,374,445,241,154,164,2,591,other
